
<beans xmlns="http://www.springframework.org/schema/beans"
	xmlns:context="http://www.springframework.org/schema/context"
	xmlns:xsi="http://www.w3.org/2001/XMLSchema-instance"
	xmlns:mvc="http://www.springframework.org/schema/mvc"
	xmlns:tx="http://www.springframework.org/schema/tx"
	xsi:schemaLocation="http://www.springframework.org/schema/beans
http://www.springframework.org/schema/beans/spring-beans.xsd
http://www.springframework.org/schema/context
http://www.springframework.org/schema/context/spring-context.xsd
http://www.springframework.org/schema/mvc
http://www.springframework.org/schema/mvc/spring-mvc-4.0.xsd
http://www.springframework.org/schema/tx http://www.springframework.org/schema/tx/spring-tx-4.0.xsd">
 
<context:component-scan base-package="musicPack"/>
	
 <mvc:annotation-driven/>
 
 <tx:annotation-driven/>
<mvc:default-servlet-handler/>
    <mvc:resources mapping="/resources/**" location="/resources/images" />
    
    <context:annotation-config />
    <bean class ="org.springframework.beans.factory.annotation.AutowiredAnnotationBeanPostProcessor"/>
    
	<bean id="viewResolver" class="org.springframework.web.servlet.view.InternalResourceViewResolver">
		<property name="prefix" value="WEB-INF/views/"></property>
		<property name="suffix" value=".jsp"></property>		
	</bean>
	
	<bean id="pdi" class="dao.ProductDAOImpl"/>
	<bean id="p" class="dao.ProductService"/>
</beans>